title,cluster
trio charged suspected international ppe fraud,2
coronavirus defeats innate immune response,1
people liv pain covid emerged,2
watch terrify moment dog walker narrowly avoids landslide,2
watch father flies country paint mural grandchild,1
watch toddler loves walk family dog,1
watch wnba champs york liberty celebrate title canyon heroes parade,1
watch dramatic footage beirut build demolished israeli airstrike,1
watch trump blasted chief staff,1
watch timothee chalamet crashes lookalike contest,1
watch house epic beetlejuiceinspired halloween lights display,1
watch penguin barely walk lifesav surgery,1
watch miracle hail mary commanders lastminute win bears,1
watch halloween house display fun creepy vibes set somebodys watch,1
watch nicu babies dressed taylor swiftinspired outfits halloween,1
watch strong explosions reported tehran iran confirms,1
quince reimagined iconic shearl leather flight jacket real bargain price,0
watch baby rhino transition australia zoo,1
watch adorable dog wears bouquet flower girl wedd,2
watch increase chances northern lights,1
watch eminem introduces obama campaign rally detroit,1
watch astronaut eat ketchup space,3
watch scientists develop fly shopp cart,1
watch wrongway driver feet harris motorcade officials,1
watch alligator captured florida beach,1
watch astronauts return earth delayed boeings capsule trouble,1
watch adele celine dion share emotional greet concert,1
watch walt disney animals celebrate halloween pumpkins,1
watch charles iii yelled indigenous australian senator,1
watch reduc halloween costume waste,2
watch dog learned harry potter avada kedavra spell trick,2
watch harris woo unhappy republican voters trump doubles base,1
biltmore estate reopen hurricane helene,2
dodgers overcome deficit win series york yankees,3
scents wear accord professional perfumers,0
salt lake city airport finally tunnel cuts dreaded walk,3
business leaders kamala harris recruit cabinet,1
flu real,0
billionaire marriage broke vp campaign fizzled trumpworld star,1
pennsylvania election officials brac onslaught litigation,0
trump repeated election lies interview joe rogan,3
probability train prevent errors reason medicine law,0
special hasan minhaj relaxed confident ready backlash,2
dodgers beat yankees win series,3
trump tiktok ban,2
bay airports remain stuck precovid passenger heights,2
todays wordle hints clues answer sunday november,2
trump harris economy experts,1
seed table maga trumpsupport gourmet produce store florida,1
janey godley dead scottish comedian donald trump antagonist,2
removed,2
uks labour government raises taxes pounds budget,0
germanys political upheaval explained,3
jetblue switches space airline partnership,3
birx excited datadriven discussions rfk jrs confirmation hearings,3
transcript dr deborah birx nation margaret brennan nov,1
precision phenotyp tool identifies covid,2
win trip lifetime tpgs sister company,1
voters red cast ballots paid sick leave,0
,2
victorian doctor vies title worlds puzzler,1
pfizer moderna vaccine stocks fall trump taps antivaxxer rfk jr health secretary,2
peak waste feds set record improper payments,2
heterodoxy,2
nation,1
japan covid deaths times flu guidelines lifted,2
nation margaret brennan nov,1
matt gaetz trumps uniquely unqualified pick attorney explained,0
political polarization poses health risks analysis concludes,3
coronavirus spike protein encoded mrna injections leads autoimmune chaos,3
dr deborah birx excited data discussions rfk jrs confirmation hearings,3
paid sick leave vote,0
performance matters public views government departments,3
rapper tekashi ixine strikes deal jail stint,2
aer lingus adds city flights airbus axlr jets,3
aeromexico adds phoenixtomexico city nonstop key tieup delta remains flux,3
dr mike yeadon releases minute testimony watch genocidal intent covid vaccines,0
congress forc ccdh hate authored disinformation dozen stunt comply inquiry subpoena november,2
sudden death covid vaccine paper published censored lancet republished peer review,2
doorknock door county,2
dr peter mccullough calls trump withdraw covid injections market,2
rfk jr gates fauci arrested trump,2
covid vaccines,0
judge rules astrazeneca covid jab makers immune injury claims breach contract,0
judge rules astrazeneca breach covid vaccine contract trial participant injured experimental jab,2
health district board idaho offer covid vaccines medical centers,0
white house legalizes gainoffunction build bioweapons,0
bidenharris administration spent promote covid vaccines,0
joe biden kamala harris wasted taxpayer money spread misinformation covid,1
alberta premier proposes rights amendment includes freedom refuse vaccinations,0
proposed seeks hold universities colleges liable injuries caused covid vaccine mandates students,2
slovak government report recommends banning dangerous mrna vaccines,0
york supreme court reinstates government employees fired refus covid vaccination,2
slovakian government investigation covid fabricated operation calls ban mrna injections,2
pfizers crimes humanity revealed pfizer papers,2
remdesivir papers faucis covid drug choice killed military servicemen,2
dmso ivermectinlike miracle solution strokes neurological damage,0
white house legalizes gainoffunction build bioweapons,0
san francisco transit workers fired refusing covid injections awarded,3
idaho health board defies government edicts removes covid vaccines clinics,0
